#{"t_start": 1790206915.9220726, "env_id": "None"}
r,l,t
174.194063,119,21.873599
261.992912,104,36.006934
-104.16089,135,71.310502
249.251155,100,84.974445
-138.838112,144,104.613912
-176.718012,109,123.365132
-215.083885,161,144.73282
-68.354283,125,161.679783
-165.292063,138,181.962178
-66.303108,125,199.37695
-176.242183,142,219.693708
260.325731,101,236.198269
217.172484,114,253.379161
259.043386,102,270.859408
213.855184,114,291.926342
-187.306846,112,308.198048
-220.294716,73,318.346384
-52.244825,124,338.001506
209.311599,114,357.279485
-62.729665,124,374.024082
-98.481711,142,392.643173
-215.608989,118,408.875212
-163.082503,162,432.408123
-63.654149,124,455.108481
-170.154051,132,472.828699
-110.449176,123,490.965018
-142.746189,136,509.207361
-55.3608,125,526.754281
-167.294507,153,548.795033
256.534387,105,570.496711
-279.868331,139,588.782422
-54.39952,128,606.633278
-177.683203,150,627.174052
-97.014695,124,644.462822
209.529907,117,660.420632
-58.206259,123,678.871258
-232.054999,138,698.059098
-76.773082,126,715.804242
-159.390448,137,734.849065
-189.110356,113,750.67579
-103.68236,140,769.842188
-90.286452,128,791.654299
-88.891083,137,822.474866
-268.745471,131,851.751197
-144.415166,140,870.655422
-50.77611,127,889.646143
-172.910317,136,907.744151
-61.147231,126,924.792099
-305.195032,142,943.753135
-53.066603,125,976.405737
193.238069,123,992.830996
-63.345374,121,1011.583148
-99.333268,135,1029.593679
-66.06011,122,1048.155982
215.434343,115,1064.52674
257.228657,103,1081.761773
-116.902112,138,1105.319927
-190.369815,108,1124.31194
-124.371072,135,1141.882727
260.678351,102,1157.920105
-129.041829,138,1177.230602
-98.852186,122,1194.576231
-244.033097,138,1213.319565
250.39186,101,1234.412143
-111.281651,143,1255.524991
-137.086931,120,1272.720657
-284.280546,134,1291.003744
252.297788,101,1305.755758
-228.10843,114,1321.354301
251.520946,99,1335.125086
-267.222678,200,1361.602465
235.729112,99,1375.456456
-187.198222,144,1398.428941
258.447247,103,1413.711317
-88.46885,129,1431.049786
-61.309341,127,1448.331172
187.124801,113,1463.497025
-57.612475,120,1484.5275
-120.729691,126,1503.041048
-142.699531,125,1525.673372
-121.072705,135,1546.247086
-199.690084,123,1563.355542
-488.648507,173,1586.027866
-55.931195,123,1610.65846
-326.754412,131,1628.070794
260.383223,102,1649.390959
-155.264518,133,1671.860738
-49.206103,119,1690.344139
-124.759553,137,1709.140939
255.703965,105,1725.830233
-257.500693,159,1753.078526
257.193828,102,1767.206189
-204.568683,138,1785.391568
-165.308498,123,1802.114802
-230.557499,140,1824.407687
-69.239567,123,1841.784509
-152.053932,138,1861.178999
-117.282998,138,1880.109538
-216.954244,154,1900.452911
-58.424432,124,1916.670341
-187.121972,129,1937.728339
261.187445,99,1951.213521
-311.544689,136,1987.533798
261.594681,99,2013.052314
216.995046,110,2030.347756
-51.01886,124,2047.088275
-163.905474,139,2073.746125
-59.504278,121,2090.922497
202.925347,114,2105.979209
246.497416,103,2136.835376
-164.154473,133,2161.458089
-49.047738,125,2192.411744
217.100229,112,2214.449387
249.839339,101,2253.903547
-150.250649,146,2274.247951
-61.476688,121,2291.207619
-95.990597,134,2309.02583
-96.319916,125,2326.011086
-103.937786,138,2344.920004
-60.324178,121,2362.024954
-133.699713,140,2380.435561
-226.958682,121,2396.646888
-154.234106,139,2414.890824
-53.419607,123,2431.485463
-256.306774,200,2462.800365
250.126532,100,2477.98479
-153.940108,141,2497.651362
261.61464,101,2511.569835
179.068446,116,2527.628087
249.784723,100,2543.34157
-177.253389,138,2566.439821
-199.946369,127,2583.697371
-176.090837,138,2609.209413
261.636372,100,2622.941728
-269.464392,131,2650.232062
-131.129255,120,2666.546752
-328.578365,152,2695.29023
-55.491248,120,2712.329212
200.95108,115,2727.921492
-266.929373,125,2750.540109
-391.130358,158,2772.339162
-178.491861,122,2800.821042
173.438847,117,2821.685107
-239.066598,118,2838.192312
-345.141766,155,2859.178199
-62.928167,120,2875.309115
-81.172472,134,2894.897033
-128.847954,123,2927.56621
-196.382577,138,2947.88412
-55.291436,126,2969.217271
-143.748695,130,2986.307798
-51.580226,124,3014.54832
-93.765981,133,3032.227068
257.628654,104,3046.423868
210.115981,110,3063.338122
-58.235704,123,3087.469346
-160.695412,151,3112.635582
-57.051089,124,3132.716421
-143.31851,140,3171.741212
-106.068572,125,3189.239841
208.745396,113,3235.117412
-184.03618,113,3250.121576
-84.091344,137,3278.248448
-52.090301,124,3300.915652
-108.689601,136,3318.978656
248.749679,103,3333.201955
161.405823,117,3348.952535
-166.194503,126,3366.100791
-309.293397,132,3383.462954
-58.335994,123,3405.490922
197.76355,113,3435.153025
-52.919983,122,3468.952674
-255.422203,118,3502.151226
-49.895659,124,3527.189832
-116.645773,142,3553.278736
-180.130078,109,3571.333667
-206.71994,136,3593.992214
-192.614429,106,3608.583846
140.073636,119,3625.027045
-53.114196,122,3641.329013
-203.556477,135,3667.654506
-62.01381,121,3685.286703
-259.434844,105,3706.453714
251.752935,101,3720.262066
-106.660029,137,3738.312443
248.343324,101,3769.087821
-182.340639,132,3821.381961
-65.9161,121,3837.7075
-309.501433,138,3857.340569
-49.252185,124,3873.922454
-221.461176,137,3892.091765
244.318679,104,3908.596284
-184.38898,132,3925.916609
-177.720246,124,3942.549515
-160.581178,140,3961.312432
-51.352417,119,3978.835194
-114.984596,133,3996.484552
-167.251744,105,4010.836687
-128.850665,142,4030.416863
-52.273243,118,4046.709615
-113.809647,135,4064.977287
-52.668504,122,4082.871931
-274.615017,139,4107.99728
250.800781,99,4149.424516
-142.147063,140,4167.641704
258.463634,104,4182.459544
-120.469766,148,4206.640631
-163.780424,124,4255.898943
-112.878229,138,4274.187342
252.155233,101,4287.932284
-154.552157,134,4317.743307
261.076865,100,4331.81941
-170.585112,135,4355.635185
257.63718,103,4372.507533
216.48843,110,4387.862721
251.295497,100,4415.842127
-122.870613,130,4433.053963
261.125304,100,4446.782121
193.440105,120,4463.211683
257.208471,98,4476.77305
213.516354,117,4492.854473
260.28418,99,4506.762968
-118.325041,138,4525.522076
-100.488427,124,4542.112071
211.245366,110,4556.924851
-71.153283,124,4574.783434
-174.2796,133,4592.442283
263.097465,100,4606.580539
-127.479277,137,4625.552518
-52.565711,124,4642.195958
-138.439764,135,4659.999465
264.008118,99,4673.506039
-119.894901,137,4701.728643
-102.547655,122,4718.597807
-122.055595,133,4736.379635
251.054847,101,4750.069234
-179.578729,151,4770.63273
259.735243,100,4805.401853
197.089315,115,4822.27326
-49.376574,122,4840.944547
-177.641141,103,4864.300676
238.252431,100,4878.125859
207.699556,112,4893.018649
249.401812,105,4907.427391
-131.33432,135,4929.95348
259.537776,101,4947.125803
205.648219,115,4966.633282
-118.730986,122,4985.123708
-171.208034,152,5013.165589
249.921739,102,5032.628298
211.752895,117,5057.307985
260.241021,99,5070.838744
-115.305144,137,5088.964563
264.068049,100,5103.385778
146.065132,117,5124.100923
-49.052154,121,5157.345599
-240.085166,140,5176.049706
262.393205,99,5190.208684
-117.628207,132,5207.935475
262.114427,102,5221.763172
-233.705914,112,5238.056354
236.602427,106,5255.798831
207.074515,117,5271.564183
260.649696,99,5288.642964
-186.998299,128,5311.401767
-110.255005,124,5331.855647
-92.343231,132,5353.263372
261.551263,100,5370.740602
193.416227,115,5392.095504
-57.978761,125,5410.396706
201.1142,117,5426.072591
261.626815,101,5441.641677
-104.915936,138,5459.746517
-56.51259,123,5476.596644
-243.202428,131,5493.815784
-98.791215,122,5518.249028
-142.478327,138,5543.343812
225.084667,105,5557.826628
-221.050757,125,5574.546963
-621.416239,200,5604.00954
-119.134987,137,5626.656667
262.083804,98,5640.436735
213.696206,113,5655.586478
253.377012,97,5679.942891
-319.468991,140,5700.692019
262.414312,100,5717.24636
-106.449315,135,5741.993641
263.28841,99,5757.226014
211.060357,109,5773.827877
258.506899,99,5792.373471
-85.173977,129,5809.386123
252.348449,100,5825.425119
-114.196193,142,5846.005212
-333.481523,142,5866.364588
-132.02335,138,5886.111494
-61.627489,121,5902.353302
-264.463249,110,5918.524092
256.829334,101,5932.407676
-101.804566,134,5950.400617
-52.661218,117,5966.534662
-114.371252,140,5986.099663
252.162297,99,6012.571336
-79.608129,130,6034.219059
261.71118,100,6060.408456
218.183052,108,6080.285463
-110.781943,121,6096.837473
198.551255,105,6110.944702
-85.0671,128,6130.52411
-816.801194,200,6159.383346
-57.791299,124,6183.369826
222.225454,115,6205.427812
261.636318,99,6218.933843
-105.537017,127,6236.827281
-50.595034,123,6254.029645
-329.492021,140,6272.58386
-80.075736,121,6297.89416
-133.10622,130,6315.295679
260.227806,101,6329.672389
-102.604855,133,6361.105638
261.367749,100,6374.900709
-121.100803,137,6395.077614
-126.251855,121,6413.569753
-140.940082,138,6431.725383
260.523705,99,6446.820156
206.756008,111,6461.727765
258.555108,101,6476.49061
153.614961,112,6495.892203
262.114619,97,6509.461921
-218.268327,91,6524.239575
260.149931,99,6538.272995
-115.448364,132,6558.532582
261.259416,99,6572.674631
209.775415,113,6587.615818
261.452767,101,6609.917113
-107.324726,132,6636.725286
262.001813,99,6650.254039
216.305371,111,6669.782743
246.662989,101,6683.506458
-102.595654,138,6709.848928
256.578315,103,6726.890071
-140.574126,136,6744.960674
261.58404,100,6781.563531
-99.70909,135,6799.627242
263.3608,99,6812.879641
-259.217099,153,6833.124368
260.245582,101,6851.627461
196.454019,108,6866.399379
-56.880063,121,6884.25177
-135.573481,139,6902.747235
261.109275,99,6916.723692
-116.912813,132,6934.469788
260.47706,97,6947.797223
155.235511,116,6963.818116
251.872583,100,6977.403415
-141.694446,140,7003.521174
261.386725,99,7016.864027
151.605672,116,7034.433531
262.586615,100,7048.161683
-130.355527,144,7069.607882
261.222586,98,7086.961734
-176.46382,139,7105.478463
-53.162707,122,7122.762233
-264.632792,137,7141.006862
262.953934,100,7161.082614
-85.95605,132,7181.254833
-207.506732,115,7206.83737
-123.157335,200,7232.839344
261.531687,100,7252.035772
-149.634778,147,7271.394192
261.259424,99,7286.606889
208.632854,110,7301.697881
260.964677,100,7321.245307
203.286781,109,7336.037845
260.03666,101,7351.713935
-130.532461,138,7370.005039
-134.624662,124,7386.618366
-125.615253,136,7408.487515
-198.52884,135,7427.785832
-116.981728,137,7446.339122
259.455948,100,7460.060637
-148.28606,133,7482.430482
251.266805,99,7506.367007
-98.256746,136,7524.145161
263.03062,99,7537.770299
-179.868766,200,7568.793784
-53.372452,119,7588.637258
-172.136151,141,7609.969579
259.63705,102,7629.350359
-224.609587,143,7654.03744
-64.874883,120,7686.345621
-114.322625,138,7706.787188
261.476398,99,7720.621126
-154.510325,148,7740.294069
-98.560079,123,7757.435648
-370.135265,164,7787.894896
264.156017,99,7804.239503
217.247857,105,7831.495984
257.617843,100,7846.614314
-127.879236,138,7865.46222
-60.90797,123,7888.647947
-107.51872,133,7910.678576
249.654218,101,7924.938214
-124.50181,141,7944.56585
263.067961,98,7958.451924
-98.446427,133,7983.252526
-182.60418,111,7998.806266
-225.819989,160,8025.198021
259.335031,103,8039.423855
-162.3634,150,8059.327199
-187.958147,111,8077.066611
-114.833166,158,8098.878184
-51.3604,124,8116.709933
-116.060236,139,8136.40534
247.7693,100,8150.221581
197.008519,113,8165.319792
237.394008,99,8178.831596
-85.439672,132,8196.404164
264.294604,99,8210.217508
-121.741582,138,8233.857824
260.72402,101,8252.596279
205.068881,115,8267.885808
259.576074,98,8282.250666
181.094759,114,8299.796447
-62.91744,128,8317.36129
-105.162413,133,8335.054335
262.175654,103,8349.46094
206.251174,110,8364.209567
239.328081,103,8379.569453
-96.925315,135,8400.922185
252.792878,96,8421.78885
-87.979484,133,8464.31297
-133.853347,127,8483.050745
-151.322108,140,8501.444297
259.192975,102,8515.423457
-260.981093,138,8534.599428
-81.061716,123,8551.350272
-437.921748,146,8588.146751
249.408795,101,8603.468604
224.346552,116,8645.012678
-74.191795,122,8665.098321
-271.767903,131,8693.613956
262.1556,99,8708.25962
199.034506,120,8745.711337
-98.264495,126,8766.908407
-134.467304,144,8789.362016
243.793772,103,8803.475881
-178.943914,137,8822.490679
-253.27172,127,8842.573747
-131.48484,145,8862.963084
258.995908,103,8878.766511
-241.009781,132,8896.60593
264.300961,98,8910.143789
-345.735348,189,8938.436434
-105.498105,124,8955.524305
-292.425828,150,8981.820635
-203.436668,116,9001.475734
-135.517341,132,9019.136435
-291.070938,127,9036.462677
217.590295,112,9051.596236
-71.838614,126,9079.102391
188.930921,112,9096.915604
-163.386865,129,9114.425198
-230.798429,138,9133.542863
248.960851,101,9147.109415
-146.662389,150,9166.725879
-128.045733,124,9186.452067
-396.408819,145,9207.739226
260.032918,102,9229.416656
220.010271,114,9247.495005
-50.94266,121,9273.411654
-108.184899,141,9298.511303
-57.643894,123,9345.264627
219.001759,113,9376.875284
-57.568844,124,9393.468657
-122.89539,139,9411.538706
244.776065,102,9437.705173
-110.084729,142,9456.285377
257.299792,102,9470.421249
187.161989,123,9499.81423
-48.897285,125,9518.234262
-223.101001,121,9534.335041
249.510319,102,9556.54767
-147.342988,139,9574.867111
-217.380627,137,9593.985599
-118.872085,142,9615.771134
248.172445,105,9659.526144
-375.682033,137,9681.943986
-94.732461,128,9700.13006
208.071244,124,9727.739065
-305.279199,140,9766.945611
-231.916056,148,9786.410888
-63.991811,125,9803.233114
-173.287388,200,9830.2405
-107.6737,126,9847.109624
-216.920569,138,9869.012058
-124.653266,135,9891.591657
-120.482372,140,9912.128863
-195.145483,116,9937.181047
183.839667,113,9952.327945
-191.890404,116,9970.774051
-101.298668,136,9997.126851
-60.742203,129,10014.606808
-115.91025,144,10033.860872
-102.160487,133,10053.859212
-521.525678,200,10088.798423
-167.483615,127,10106.286501
-320.483713,165,10139.466665
-57.038454,129,10161.783898
-103.90437,135,10179.306863
-57.952323,128,10202.828275
-252.639659,101,10222.678937
257.874037,105,10237.600711
-378.864573,138,10256.878623
-59.125583,130,10274.589503
208.417595,118,10290.412932
252.735452,108,10305.125895
-219.017922,141,10329.040747
-60.434447,128,10364.836586
196.095666,122,10380.871657
258.498126,105,10395.366797
-207.233105,141,10414.812706
-210.36227,120,10433.846417
-163.018828,142,10452.753943
-281.070592,131,10470.3087
-167.067338,135,10492.533106
-52.492951,129,10511.562029
-216.961794,143,10532.800279
-66.641374,132,10574.721054
-128.270435,140,10593.954755
-54.972467,130,10611.623247
-107.396573,136,10645.974231
-72.741538,130,10664.030937
153.290423,125,10680.68751
-77.679033,127,10697.737786
-162.862953,139,10716.342683
-66.734554,130,10733.77845
205.55577,113,10749.794848
252.858855,109,10775.858004
-171.647869,148,10806.61411
-68.660129,129,10842.57972
-220.774049,150,10862.228274
-62.460558,126,10879.044904
-154.995416,143,10897.880113
255.687252,110,10912.980494
-111.721262,142,10940.933033
253.177943,111,10971.179199
-149.43552,140,10990.370859
259.394613,108,11015.554318
202.143521,118,11031.327683
-194.626166,116,11046.897391
-306.886789,146,11082.300733
244.094315,109,11101.77879
-117.833753,144,11123.831061
-53.032784,131,11141.430953
217.633801,115,11156.922981
-57.830648,129,11174.663213
-385.480714,164,11196.030474
-67.805318,129,11225.73573
-91.38645,142,11247.601827
-260.345289,130,11265.177052
-99.425195,141,11283.717488
244.826955,106,11298.139456
-119.661867,137,11317.073414
250.845599,103,11333.380376
-356.203228,136,11351.213223
-50.570195,127,11385.38758
202.92606,119,11423.857957
-416.940581,163,11454.307079
-121.796111,145,11474.222359
-78.420906,129,11492.935949
-222.089051,144,11511.872803
-61.924922,130,11531.845428
-227.930496,141,11552.624475
-114.756108,134,11570.538077
-147.06578,142,11589.351132
260.099959,105,11603.556804
-111.553907,142,11622.566803
-74.181074,129,11640.477507
-152.18821,141,11659.208882
-52.754889,130,11677.132389
-251.941292,142,11715.728863
-246.001743,132,11745.486884
214.471163,119,11761.103627
-51.754068,132,11778.826445
197.728513,122,11795.166445
-57.390406,132,11835.758226
-112.024481,142,11856.592174
-60.711013,132,11889.476647
-294.933035,138,11907.568109
-141.981203,133,11926.815449
-383.99669,162,11950.245426
254.041707,108,11964.931333
204.615176,115,11982.087054
-115.053347,140,12009.344943
-104.344102,139,12034.084446
-56.227362,130,12051.515377
-288.249621,143,12070.706825
247.138204,107,12086.971098
-169.751169,145,12106.803072
255.380315,110,12121.67335
-200.259953,165,12143.61229
-60.651605,130,12161.048476
-243.624976,142,12179.836963
-58.553739,133,12198.116389
-99.380748,137,12220.186441
-106.464658,136,12264.375271
-201.324485,200,12293.985885
-210.8667,122,12311.453934
-416.939287,166,12340.946464
-111.930802,132,12364.177662
-180.770665,168,12386.285703
245.965587,105,12400.761835
-165.278799,149,12430.311198
-181.206281,114,12446.721875
-94.769033,148,12466.053131
260.586447,108,12481.20785
-116.627586,144,12499.966061
-125.157055,128,12522.356692
-176.559027,136,12540.30735
247.731622,111,12555.298182
206.685988,116,12573.548471
-200.006039,114,12589.29219
-120.327535,148,12612.594821
258.631446,109,12627.723049
-125.355315,145,12646.455053
-50.590135,132,12664.570848
-442.570748,169,12686.494996
-209.788592,121,12702.737245
190.016367,121,12721.492282
-189.941052,122,12738.108784
-108.990729,148,12763.513308
260.420302,107,12779.857767
-175.227447,146,12808.804235
-256.392983,132,12826.623287
-101.354813,142,12845.194145
254.558433,108,12860.434332
-111.180398,145,12880.524597
254.623793,106,12894.965944
-207.956674,143,12913.770115
-63.160065,136,12934.258565
-132.45492,134,12977.902079
-59.600212,135,12995.829119
-160.925862,139,13016.49657
-422.734488,168,13040.216304
221.29397,117,13055.843055
-48.518565,130,13084.646498
-90.828714,145,13110.249423
-152.127969,133,13129.534841
205.878175,122,13146.615695
246.65678,110,13161.592265
-91.423261,143,13180.348507
256.621121,106,13213.303409
-161.262685,149,13233.277178
235.774512,107,13253.575771
-176.003526,144,13273.137805
255.200877,107,13287.640716
-148.696854,153,13310.434891
-187.815599,118,13328.578702
176.79465,127,13346.401139
258.717083,109,13361.299793
189.009045,122,13377.518523
-62.703606,134,13402.899
-168.016374,147,13423.050171
260.541992,105,13438.169623
198.815301,125,13458.791254
-52.720251,132,13476.901367
199.266631,118,13493.168574
-49.881891,137,13511.667923
-111.001396,148,13531.773118
-279.170973,140,13550.498576
-293.230897,146,13578.298507
259.257727,107,13597.057436
-144.721792,146,13616.529506
-78.630077,135,13634.907526
-181.740735,153,13654.819695
247.79619,109,13672.27488
-121.100542,146,13691.670416
259.405173,107,13706.429228
205.41269,117,13724.492132
-107.366621,131,13763.593831
204.93417,118,13779.248543
247.714623,108,13806.458171
-147.869044,147,13827.058099
252.707103,112,13847.51233
206.108422,120,13863.232072
242.272949,112,13878.59132
-174.795464,145,13898.163731
-69.800731,135,13919.636938
-174.56981,147,13942.73101
258.123839,105,13957.680904
-178.696763,143,13979.70889
241.773895,109,13994.691041
-137.816587,144,14013.461805
-52.953667,133,14052.053644
-203.460132,145,14074.763358
258.749958,107,14089.426186
200.134584,118,14107.64066
-68.160263,134,14126.503805
-115.518945,144,14145.526676
-59.800472,136,14163.695722
210.968939,121,14184.175735
-190.530247,115,14199.667172
-221.957211,150,14219.841154
-207.72122,121,14235.909641
-108.212448,142,14258.251925
260.077596,108,14273.393892
-119.265447,141,14295.302772
-155.623832,141,14321.664787
-127.283274,148,14341.565428
252.866823,109,14360.133726
201.732507,122,14394.863324
258.541762,108,14444.923112
-577.623362,193,14472.634598
257.129533,107,14487.090982
183.811594,118,14505.153286
229.961963,110,14596.456199
-151.377074,148,14633.680865
-184.301254,116,14649.537499
-164.470909,142,14669.084404
-63.434227,130,14691.677265
-126.490061,149,14710.99863
246.053281,110,14725.569524
-90.365562,144,14743.734312
-79.57515,132,14774.773449
218.983888,115,14791.689843
259.764534,108,14808.435576
211.241731,115,14843.097521
245.01737,112,14858.475622
213.23351,117,14874.302404
240.405636,116,14890.115042
-110.57345,142,14909.112492
-86.502659,133,14928.266412
-171.800427,98,14943.003388
255.916472,111,14967.422836
170.385731,125,14984.378909
-62.252343,136,15006.914585
220.449498,113,15022.101843
256.286795,109,15037.289454
-127.352398,142,15056.663862
-277.263013,140,15092.297505
191.448736,124,15129.567484
249.110562,109,15154.308103
-141.526785,155,15176.394311
256.017236,106,15199.14899
-95.620423,147,15222.905843
252.671436,110,15237.789314
172.297432,116,15258.348476
-270.497963,137,15279.955202
-102.331292,147,15299.29587
-232.468299,147,15318.565189
-146.932493,155,15344.466133
-116.62887,135,15362.782563
-119.782135,152,15382.784493
-57.656892,131,15400.970188
-138.585638,151,15422.375009
-73.237788,139,15440.888942
210.675026,117,15461.505938
254.855038,110,15476.516133
-155.595071,147,15498.755747
258.013903,107,15513.454864
-183.889666,156,15539.790687
-85.32008,132,15557.714728
192.200899,124,15574.032486
-58.578227,133,15592.469781
199.289754,118,15608.116887
-159.123837,140,15627.624549
-133.866474,144,15655.117104
-206.863251,122,15676.298755
171.592728,126,15693.884431
256.831928,110,15713.064786
-161.823701,158,15734.149495
256.486544,109,15755.565122
220.587251,116,15798.807842
260.21942,105,15813.492785
168.238593,118,15829.10212
259.177532,106,15843.602075
187.879318,128,15861.510499
-69.451892,138,15882.561917
185.776733,124,15898.868117
258.751341,110,15913.895247
-99.813653,143,15933.111845
255.725389,110,15947.841432
-106.84835,145,15968.444752
-86.372061,134,15991.575068
210.798221,117,16008.794147
-53.562615,135,16027.3508
-179.051824,151,16046.937546
259.805831,106,16061.646794
-298.626399,200,16087.332549
257.533281,111,16115.613134
203.40499,119,16135.270869
244.485973,108,16149.893315
212.562723,122,16188.321929
245.345345,108,16203.001107
-148.378249,158,16226.236517
-197.983328,140,16245.313189
190.765094,124,16262.02443
254.616624,111,16277.039228
-100.334225,144,16296.38159
-190.543782,142,16316.07927
209.35103,121,16334.336353
-60.001532,138,16356.064043
-99.512684,145,16378.511056
-198.545781,119,16394.554809
181.70755,127,16411.63746
-71.764508,137,16433.07688
-105.971186,144,16457.424489
-55.051903,132,16479.327018
188.462234,122,16495.868266
255.994316,108,16510.981033
-129.193774,154,16531.164128
-57.691573,141,16549.753385
-112.811206,146,16569.334946
-77.382248,145,16592.15676
-99.047615,139,16610.556113
250.514203,113,16630.144329
-96.957584,136,16648.043263
256.248113,111,16666.099873
-360.602671,200,16704.650311
-69.546431,132,16724.769836
215.124489,118,16740.375271
246.848395,108,16761.082911
-85.37129,145,16785.260803
-232.704582,127,16802.81005
-192.866237,148,16822.126276
-591.811408,200,16849.984367
-122.140941,149,16869.439112
255.973986,110,16884.70452
-101.993214,144,16903.627547
247.735172,108,16918.210015
-124.673052,145,16944.754529
-98.350668,139,16966.265805
-94.685667,149,16998.165527
244.297147,110,17032.034014
200.271319,130,17049.480872
247.741788,107,17096.82464
207.418575,117,17117.992481
-98.77024,134,17136.256475
136.064797,128,17153.646081
232.841416,110,17189.662904
135.142216,125,17211.036979
-64.947568,138,17233.865639
-129.270091,144,17253.671731
-103.373934,141,17274.473763
205.26018,121,17292.066429
232.733593,109,17306.919567
-109.80552,147,17326.404829
-110.887717,142,17356.727349
-119.867266,154,17387.134032
-54.099827,131,17408.605524
189.502888,117,17428.959758
257.680266,108,17449.304569
-127.116093,151,17471.307697
-63.545037,131,17489.801154
-118.974801,147,17515.839409
-202.871849,120,17547.968057
-236.417257,162,17569.214921
256.251334,108,17591.860231
-118.363303,150,17615.059865
256.419337,109,17640.412691
-155.601397,152,17669.176743
-122.248118,132,17690.618912
-246.935117,83,17701.732962
259.021884,106,17720.962105
26.956467,152,17740.925568
246.549184,109,17755.613941
-122.876303,148,17774.838956
-319.064856,146,17796.151336
-386.532664,151,17817.397471
-183.649985,116,17839.676716
-168.430501,144,17866.319277
249.192029,106,17889.249991
-227.280613,147,17909.979005
-49.726531,132,17928.626946
-89.725174,142,17954.637383
-134.492166,142,17973.751447
-107.4426,145,17996.528269
245.839748,110,18024.100663
-134.502306,148,18063.651169
254.468865,112,18107.380584
-288.57408,151,18131.844405
229.456064,110,18146.683044
204.705499,123,18163.69435
249.583027,106,18179.491685
199.48929,120,18195.561674
259.728241,107,18210.063067
-137.901602,149,18232.54724
260.064426,105,18246.787989
199.303273,118,18262.271142
-76.526197,140,18291.632422
194.866175,121,18307.644062
245.480007,108,18323.977625
-173.64968,148,18346.448753
256.998222,108,18366.470069
-108.168446,145,18395.365702
-104.751542,151,18426.947324
-49.586477,132,18447.253464
-181.812692,148,18472.664476
260.233937,107,18491.693054
-263.691495,200,18519.457633
255.522418,111,18540.76383
-183.628567,155,18561.240141
-108.375023,135,18579.278214
-120.459844,148,18598.641328
258.306307,108,18614.375458
-115.83235,153,18634.526251
-102.658392,139,18663.578177
169.154485,130,18680.810794
248.031815,108,18695.464005
-102.498643,148,18722.264784
259.989033,106,18755.655188
-507.67358,188,18812.109703
232.539879,111,18827.803957
-171.504304,141,18848.22226
-83.255236,130,18865.860476
-106.311034,144,18885.877091
245.304432,108,18905.16357
209.553641,121,18921.364104
-65.562021,134,18942.211417
-111.378102,142,18988.648535
256.557526,110,19010.229588
-113.647537,140,19054.084646
260.778466,105,19069.05063
-99.402397,138,19089.95335
-169.490528,137,19108.542632
-126.785929,148,19130.18017
-110.662291,138,19156.364849
-152.67768,145,19175.593682
245.255905,107,19190.114254
193.45657,128,19206.862144
255.552717,108,19232.042363
-101.237077,142,19259.089935
-125.306939,140,19280.309373
-143.176141,150,19300.458336
-110.91327,145,19320.967922
-90.726346,142,19344.454244
256.396561,107,19358.985258
-217.307799,124,19376.665769
260.632142,103,19390.931387
-669.023002,200,19428.621255
248.621308,104,19451.843128
-123.487469,147,19475.837742
-377.670214,157,19497.668483
-92.403433,142,19516.814626
-133.469375,132,19535.654566
-111.953357,141,19555.330771
248.01874,104,19597.535685
178.530076,123,19638.308198
247.209957,103,19713.949364
-138.609306,142,19738.884897
-55.656942,133,19762.988193
-131.250633,149,19787.400621
-54.373369,127,19805.381744
-164.976665,137,19824.05138
259.858958,107,19839.894639
190.794135,117,19855.490799
-75.370167,138,19874.025645
-135.044381,142,19901.435052
-113.870575,129,19922.27615
187.800596,119,19938.0858
-209.115425,126,19960.717717
220.483613,119,19976.618614
249.506996,104,19990.849642
203.590898,120,20006.610316
261.398644,101,20025.065375
-122.608819,142,20043.676613
257.037412,104,20058.384321
-203.98539,138,20079.612816
-336.924791,147,20099.378445
-111.412086,138,20137.048075
254.288846,110,20151.720346
-138.548409,140,20170.68494
236.452717,104,20189.578099
-266.280197,147,20219.867114
-49.428791,127,20236.581099
-297.982754,200,20278.138805
251.929705,107,20300.779468
-210.723115,200,20329.514239
256.846598,104,20359.478198
-130.924169,142,20401.899991
-98.148782,129,20419.202818
-114.264815,136,20437.677596
247.489242,106,20472.687015
-115.587602,139,20496.348838
-81.166975,132,20532.530049
212.728131,124,20549.464254
-86.782527,135,20567.786771
-98.318011,146,20586.826583
-91.783626,136,20604.882301
-166.04351,157,20630.740298
246.183238,106,20645.294293
218.394604,118,20667.33933
-106.918452,129,20687.975822
-155.959866,144,20706.761407
260.569505,106,20724.236164
193.871969,119,20744.188468
259.579556,105,20759.24386
191.74327,119,20774.976302
-131.977107,139,20804.220161
197.582803,121,20830.216422
-90.555394,143,20849.542472
199.760875,120,20865.468685
-233.181211,128,20898.486407
165.627686,122,20914.721618
249.344911,108,20930.268631
-84.612646,140,20955.541767
-61.981635,133,20974.220163
215.914217,118,20990.546246
-117.756128,132,21008.943898
183.781924,122,21036.936121
-253.550926,130,21087.957191
206.844465,117,21104.647575
247.129283,106,21118.886115
-102.89749,144,21137.930954
256.377721,108,21156.389223
202.718628,124,21174.564568
249.641812,106,21190.454357
-145.242957,149,21220.496402
235.754351,118,21237.864878
201.753861,112,21255.103078
246.510451,108,21269.775074
-213.176071,114,21286.129454
-617.489996,200,21318.36563
-101.073357,143,21339.640198
254.914856,113,21359.57504
-115.768156,152,21379.596925
260.868239,106,21394.079204
-103.285068,143,21413.294893
258.382642,106,21427.642884
195.757575,127,21447.008887
-100.363002,131,21474.395743
-228.57596,142,21494.495026
248.605957,104,21510.340886
198.845268,123,21531.51535
-67.774406,134,21550.234526
-182.790424,156,21570.406567
-72.347919,132,21588.404427
-218.274461,144,21610.711652
-238.288978,129,21629.411958
166.313634,118,21646.374776
256.608764,107,21670.346525
207.095829,113,21688.742042
-81.592221,134,21709.804461
-145.073614,140,21730.122204
245.668521,110,21754.561927
194.304901,116,21771.980984
251.881208,109,21793.433109
-144.893182,162,21814.666483
-65.204438,132,21835.621735
-104.331039,137,21853.551304
-71.889585,136,21874.195652
-176.537877,146,21894.067578
256.122099,105,21908.284537
-103.353685,144,21936.157999
248.163777,104,21950.330619
205.915074,118,21967.736855
-197.559408,118,21984.728319
205.627608,119,22008.558869
-342.718708,145,22027.98278
-136.666004,139,22048.474453
258.488257,112,22064.689992
-122.152261,149,22091.10871
258.988409,104,22105.36024
182.032033,116,22120.797832
-150.272102,143,22141.687722
210.369852,114,22157.195969
-142.097172,152,22187.04973
-471.212973,200,22213.860528
-79.853295,136,22236.278639
218.548021,113,22251.253585
258.918335,106,22265.729836
210.791624,114,22310.506193
244.682256,108,22334.222579
-177.897273,137,22362.544269
-58.995578,132,22380.322174
-158.221029,149,22402.124736
-78.045467,129,22419.442591
181.316645,125,22437.624062
260.484626,106,22461.244154
-288.553114,146,22481.224625
-100.478884,139,22500.465354
-90.058334,147,22520.407134
-237.007226,130,22541.317804
205.380133,117,22560.269868
239.416558,107,22575.438958
214.669784,118,22593.311115
-63.729362,133,22611.844594
-146.31412,139,22629.575717
-104.631487,133,22648.19846
182.298393,121,22667.144437
-58.695515,132,22688.261746
180.371916,126,22706.286908
257.305864,106,22720.509827
198.004303,119,22738.583736
260.972022,104,22752.520366
197.592819,126,22784.984277
249.976041,105,22799.325381
-127.458527,145,22822.022539
-65.265669,135,22863.260809
-100.909348,144,22900.16436
-208.369071,121,22931.830838
-91.338012,140,22950.221088
-112.885545,138,22972.128935
193.684487,120,22988.124193
259.461366,107,23011.631069
-181.178278,156,23032.378337
254.064692,108,23047.070438
198.848869,121,23063.471617
259.572747,106,23085.048529
-399.533429,200,23119.802596
255.399076,110,23134.582198
-178.556729,142,23156.397149
-79.144071,133,23179.639814
199.978142,121,23195.792573
256.586474,106,23214.680323
-110.85209,143,23237.986194
260.843586,106,23282.217391
-111.359929,139,23309.24336
-90.374804,132,23330.79191
-138.944757,186,23393.432686
-70.970848,132,23416.196651
185.856374,125,23441.478859
-299.709547,150,23463.523043
202.649396,125,23495.519487
261.35354,103,23509.680749
178.502066,120,23551.456824
-101.262062,135,23587.511682
-105.531598,148,23606.799628
-135.076729,130,23624.483538
223.507612,117,23652.164146
259.228413,105,23673.979196
-211.837403,148,23696.704252
-51.826107,128,23713.57771
-115.051264,148,23732.955711
-287.802263,137,23751.231072
-141.523358,139,23770.096881
-68.648095,128,23804.786387
-103.420203,138,23822.80409
-76.551874,125,23845.021466
209.215864,116,23860.378053
261.295857,105,23875.18755
-124.049737,139,23898.945694
-67.256343,128,23917.250607
-383.939828,163,23946.300247
258.023247,110,23974.131029
-262.411407,134,23991.778311
-170.271409,131,24009.532492
160.036447,113,24025.397807
261.329482,104,24044.369616
171.492935,120,24062.938612
262.087847,104,24077.039222
-125.441257,140,24095.502178
-102.582731,134,24113.196713
185.997181,120,24131.665502
255.612309,110,24148.259809
-289.136999,152,24168.969341
259.797971,103,24182.937408
201.170467,123,24202.249216
-99.302429,128,24229.389805
-217.07318,166,24251.091373
233.884723,117,24267.691279
-578.510939,200,24301.5831
-107.339166,132,24323.107886
202.211907,116,24338.726425
-66.920936,129,24358.915695
-242.539488,104,24381.582307
260.422321,103,24400.065323
183.507287,119,24416.156215
257.932963,106,24430.914057
-163.562775,164,24453.205592
246.016727,105,24469.569465
235.520331,111,24484.984946
-67.161832,132,24502.421383
-121.980071,142,24525.922782
248.842543,102,24558.42027
-297.550953,139,24582.680949
242.747938,108,24600.780425
-146.197785,165,24622.12498
-148.410388,138,24648.785537
-125.456797,140,24667.266353
-52.080877,127,24705.490284
105.635077,122,24721.737498
-82.597443,133,24741.657264
196.598788,118,24768.319726
249.075475,104,24782.565934
-91.622448,140,24801.088412
244.932849,107,24834.865146
-150.515506,140,24853.144166
250.114162,105,24880.18073
202.850968,115,24901.909966
-75.766092,129,24919.812199
215.41856,113,24941.823024
247.297832,106,24964.916026
-183.67503,155,24986.456869
-105.325384,127,25003.907805
-249.866903,143,25024.780884
246.235878,107,25040.005367
162.677583,120,25055.98517
253.532419,108,25070.884171
184.249346,122,25087.538136
-49.588964,127,25106.450821
-117.144212,152,25142.783505
-82.25283,126,25160.079542
-115.203621,144,25202.37749
-110.893272,126,25220.231842
-145.640306,140,25238.635379
253.875697,110,25258.15905
-104.977508,140,25276.420292
-187.203687,119,25317.270568
-100.509384,138,25364.627191
259.967632,104,25378.461758
-173.545127,132,25395.9458
241.598933,109,25410.680901
160.622554,113,25425.832572
-218.255276,122,25442.166918
195.801703,114,25457.563928
260.051673,105,25472.017352
-128.596481,136,25491.278346
243.845035,105,25505.678876
211.525648,115,25531.01578
-190.166546,114,25547.407996
169.798767,120,25563.342366
-56.070772,123,25583.717221
209.531903,116,25599.13812
245.640023,107,25621.592771
190.509877,123,25653.247666
-61.575254,125,25676.044546
-133.025174,142,25699.930661
244.030481,106,25714.693842
-200.792111,149,25734.56791
256.16777,108,25755.363268
-100.278123,136,25787.385294
261.952891,105,25801.753645
215.197112,116,25817.389579
249.658209,109,25849.731874
-137.413339,137,25871.783432
-52.389179,125,25888.775481
-168.366952,136,25911.138189
259.825097,105,25936.932672
-526.5614,156,25975.857438
-51.41073,125,26011.152883
-123.299521,130,26032.255944
-161.233563,134,26050.30306
-107.073379,134,26086.211328
-307.369984,145,26105.812432
-331.363848,155,26136.793167
-184.73425,112,26156.212794
-385.590605,143,26182.130867
260.609349,106,26197.840525
220.993992,113,26212.934592
245.364208,108,26228.066799
-88.859329,135,26245.990522
-57.389595,131,26263.459217
-92.275461,135,26281.794352
247.394372,107,26300.954386
-118.67659,142,26319.502403
255.778232,104,26333.752028
-189.587637,147,26362.166517
-98.577129,130,26385.070769
-90.575322,136,26402.84946
259.20976,106,26417.356411
-102.50587,144,26438.052313
-142.164339,132,26459.738632
-114.592838,145,26480.017929
258.808759,107,26502.514199
-129.268275,141,26521.174814
-74.060957,128,26539.22448
209.852931,111,26554.269045
247.478443,106,26573.759166
-90.235231,142,26592.564243
-65.857704,135,26611.989285
-145.544007,141,26630.554427
245.872471,112,26661.848073
-302.107735,140,26683.848456
-66.580428,136,26713.048683
193.919225,124,26732.868109
-80.442402,137,26753.106202
-336.83392,200,26784.481448
247.757674,107,26799.044905
-100.047471,137,26818.453839
255.206781,108,26833.227525
119.954677,128,26850.511577
-54.16383,131,26869.788882
-133.481092,154,26890.621246
259.25253,109,26905.290808
208.90501,123,26921.718024
-225.590719,128,26938.910006
-101.148165,141,26966.121493
-52.531379,131,26985.003233
193.845801,118,27006.575719
-51.652197,127,27023.302143
-114.984546,142,27046.355835
-125.997312,139,27064.933851
-225.425284,200,27103.368382
255.354411,106,27118.936294
200.097433,118,27135.535523
-113.581268,144,27155.415594
258.696121,107,27171.698145
-316.371485,153,27191.671149
249.043949,105,27208.9101
-105.977106,141,27227.465366
248.870748,106,27248.185068
-279.073822,135,27265.991966
-141.69163,143,27285.575137
-224.773776,82,27296.733583
258.280497,107,27311.832181
-120.218682,148,27345.628211
257.822674,108,27362.781743
-119.708494,145,27386.638949
259.065237,106,27401.151088
-139.289836,145,27421.781179
255.533829,108,27436.578368
-125.297115,133,27454.322827
256.703962,110,27479.563583
-222.130775,143,27499.156469
239.409115,110,27537.470142
-131.545342,143,27558.780857
-63.308741,131,27576.309824
-99.774707,145,27598.945596
258.265938,110,27615.44632
-124.646534,151,27644.882979
248.784269,112,27693.059885
-95.639402,146,27713.726986
-65.844544,131,27731.465666
-311.913105,154,27752.098684
257.185535,108,27767.071789
175.484828,122,27784.757234
255.948291,111,27799.768129
214.894335,120,27816.254656
242.868523,111,27831.979971
203.374356,121,27858.489295
230.020855,117,27878.834294
226.434698,114,27894.100808
-78.583372,129,27911.375038
202.787483,120,27927.327371
-66.462,138,27945.433886
-108.646818,144,27973.209234
258.547854,110,27989.780821
-116.146732,146,28009.228824
243.906684,108,28023.885543
219.915784,118,28080.037519
260.502403,108,28095.151116
-179.466297,142,28113.827767
219.485115,115,28147.004838
-152.187804,149,28168.674778
242.926032,109,28184.082717
-219.367018,138,28210.021809
248.845742,105,28229.975359
190.616075,122,28246.001298
240.272728,114,28261.602751
-104.732808,143,28280.20243
256.7101,110,28295.069285
-204.751154,135,28312.930607
-68.456651,138,28331.278913
-89.691031,141,28350.185523
254.03617,113,28368.552426
-130.378021,150,28388.935293
-52.617023,129,28410.296708
219.632082,120,28429.513219
260.462537,109,28444.17134
-93.394442,136,28462.043959
257.946714,107,28476.409209
-173.317546,152,28503.788707
256.781573,108,28518.394037
216.661856,116,28534.144293
-78.642711,131,28552.640969
-107.134472,136,28571.938074
245.375541,109,28587.065815
-107.990599,144,28606.470607
-48.93853,129,28653.863443
-88.064882,137,28673.979516
-64.156878,139,28693.496445
-153.186116,150,28713.287173
-222.451432,126,28730.285767
206.876285,122,28746.493125
-326.578366,150,28766.931783
207.837779,118,28782.875272
-159.429955,144,28802.185749
-357.838969,156,28822.6701
258.311889,109,28837.408359
-105.483729,141,28856.19592
-86.851115,136,28876.0005
-82.991391,135,28911.087333
255.817746,112,28926.412202
-79.152695,136,28944.503341
231.543808,118,28960.804668
-212.919662,169,28983.08258
-56.831524,132,29000.929934
-97.249293,146,29020.351614
245.946108,113,29035.583744
197.886138,121,29051.861044
252.797508,108,29066.525307
-166.625307,148,29086.750334
245.597513,114,29102.546089
225.21143,118,29118.247964
-329.982542,158,29150.507657
199.154164,122,29166.713301
-179.409461,143,29186.097273
196.294872,122,29202.389309
-221.620907,127,29219.539904
-127.503255,143,29238.376611
-203.101188,124,29255.677549
213.235314,125,29274.812771
-67.592658,132,29292.808055
-120.726557,147,29312.447819
-119.863241,153,29333.841153
-190.239882,200,29375.537162
240.435871,111,29390.611597
-252.040116,149,29413.241436
-56.357532,129,29430.569335
-100.353317,135,29449.235627
258.082781,107,29466.017348
-86.477262,135,29487.362472
246.461687,106,29506.738436
-106.996879,144,29526.979463
-191.107271,123,29544.230008
-170.120952,148,29563.881964
247.809403,109,29578.716789
-218.805532,156,29599.012559
242.476469,110,29622.775309
161.074478,121,29644.907053
-74.176598,128,29666.955831
216.646577,118,29683.450259
-71.14069,128,29700.969156
-202.471151,200,29737.262614
259.893775,109,29757.049321
-110.803595,140,29777.342569
257.787782,110,29792.033628
193.021555,111,29808.029133
257.831011,108,29825.634865
175.909899,120,29841.620688
259.568352,110,29856.362695
-240.750016,200,29886.331806
257.889693,112,29901.738903
202.778021,121,29923.14926
-117.480686,141,29943.33389
220.050587,116,29961.547715
-69.735194,129,29984.069623
-161.296772,148,30003.482452
251.680219,111,30018.555259
176.352833,121,30050.253277
-78.041896,132,30071.378766
158.182442,117,30093.68115
254.104437,114,30151.672446
-142.9994,151,30174.540512
-105.264921,130,30192.40012
-105.74829,143,30210.982765
257.739635,112,30227.42132
-85.410709,138,30248.02272
253.025142,114,30263.500166
-193.621937,111,30279.314952
-580.673142,200,30305.773098
179.876725,130,30348.118316
257.115666,113,30363.411622
-127.580287,150,30388.009922
-146.966022,143,30412.720536
161.89066,127,30429.539644
246.161455,112,30445.333608
-113.196397,148,30467.806285
240.387284,114,30483.580605
203.169727,120,30500.495293
-112.96279,146,30531.636091
203.737021,129,30552.566874
245.88685,114,30568.129127
195.046571,126,30585.828699
244.8249,113,30602.888792
-122.682068,145,30622.166055
246.213497,111,30639.039692
-268.425704,129,30655.989712
256.731456,114,30671.352422
-200.18397,162,30693.496375
243.460036,112,30709.028526
-133.487199,144,30728.153806
-82.074138,141,30747.093265
-101.131748,146,30767.033282
-193.501705,123,30786.537823
177.357761,123,30802.891038
231.657691,115,30818.476316
-157.088251,145,30838.329732
-336.580503,149,30859.010768
-14.798854,169,30884.556824
-57.842189,136,30902.730011
-204.912406,148,30922.194474
-64.194379,134,30943.198662
-78.347034,136,30973.469218
-50.307981,134,30994.190175
-101.298779,138,31019.497709
-104.69626,133,31041.116245
186.027796,122,31062.312386
256.070883,111,31077.484444
-188.118759,149,31107.500026
254.361468,114,31132.722224
53.543015,130,31149.921077
257.112105,113,31165.610995
-104.61338,139,31204.668633
255.615432,116,31235.363767
-308.829149,200,31261.584724
-236.165763,131,31285.318161
210.710992,124,31309.932714
254.312686,111,31325.195486
-162.155337,149,31344.730464
254.837583,113,31375.046267
-213.546923,200,31403.56432
254.084753,115,31421.836555
-99.61446,143,31442.718787
-60.235249,137,31467.386763
216.822082,123,31489.489958
256.208293,113,31505.759413
-97.702099,143,31524.573329
252.565179,114,31547.952715
180.689903,119,31564.171541
246.716624,112,31581.137143
202.821925,118,31596.787387
256.593387,112,31612.774152
-90.79405,143,31645.634185
-124.135345,146,31667.799921
-89.950472,143,31686.808147
257.405828,113,31707.672921
-141.895977,146,31727.983733
234.758708,120,31766.905041
-85.471701,142,31785.53458
254.757222,115,31804.616919
-133.097454,200,31837.089203
-371.105248,161,31858.184541
215.305151,126,31877.960456
-51.654171,133,31897.944423
-187.371092,154,31918.278344
244.933093,116,31934.217123
169.679941,128,31959.092543
-90.75486,141,31982.307973
213.460419,124,31998.731213
-71.555526,137,32017.389158
202.993659,127,32034.554303
252.779488,110,32049.518968
196.943414,130,32066.574515
-65.515002,136,32104.90522
-184.902154,200,32147.290086
244.851726,121,32172.688908
188.917974,121,32188.797125
244.989563,110,32206.347467
193.394044,123,32223.258039
-115.415978,153,32243.531155
-117.323088,141,32263.836901
254.55558,109,32278.704764
206.252429,120,32294.834557
251.587448,114,32313.163346
217.97597,123,32329.720234
237.837402,123,32355.262168
216.605941,121,32371.228963
-387.657888,166,32396.892726
212.997072,120,32413.359529
252.880101,112,32428.62362
-124.377433,151,32524.261338
-135.379738,145,32564.935033
-93.099478,145,32584.965829
-82.820294,136,32609.821981
-138.132503,156,32631.322181
256.395733,109,32660.086316
-133.150786,200,32686.024724
246.833998,113,32730.047287
-161.403081,143,32749.144655
247.042579,110,32765.035095
-88.810014,138,32784.170303
-65.952007,132,32802.445857
-138.57166,146,32829.811687
-124.038661,140,32863.894729
-143.372523,147,32885.036583
239.634511,111,32901.742944
218.045229,117,32919.884206
-68.978551,129,32937.296734
-339.075796,153,32957.958596
